<?xml version="1.0" encoding="UTF-8" standalone="yes"?><applicationForm><name>DeActivateJobDate</name><lastHash>962076478</lastHash><lastHashModified>2016-03-02T17:12:26.291+01:00</lastHashModified><description></description><scripts><id>4</id><lastModTs>2016-03-02T16:52:55.100+01:00</lastModTs><name>combo trigger</name><script>%28function%28%29%7B%0A%0A%20%20var%20gs1%20%3D%20Models.get%28%22OBJECTNAME%22%29%3B%0A%20%20gs1.getStore%28%29.on%28%27load%27%2Cfunction%28%29%7Bthis.collapse%28%29%3B%7D%2Cgs1%2C%7Bsingle%20%3A%20true%2Cdelay%20%3A%20250%7D%29%3B%0A%20%20%0A%20%20gs1.onTriggerClick%28%29%3B%20%0A%20%20%0A%7D%29%28%29%3B</script></scripts><Panel><longStringAttribute><access>3</access><description>Description of the field.</description><id>29732</id><name>description</name><type>longstring</type></longStringAttribute><stringAttribute><access>2</access><description>The title of the tab to display.</description><id>29731</id><name>title</name><type>string</type><value>Deactivate%20Automic%20Workflow</value></stringAttribute><clazz>com.levatis.uc4.toolbox.form.definition.components.Panel</clazz><colSpan>0</colSpan><inGroupIndex>0</inGroupIndex><name>JobDeActivate</name><version>0</version><xtype>ddtabitem</xtype><FormGroup><stringAttribute><access>2</access><description>Title of the Group</description><id>29735</id><name>title</name><type>string</type><value>When%20does%20the%20deactivation%20of%20the%20Job%20taken%20place%3F</value></stringAttribute><numberAttribute><access>1</access><description>Define amount of columns</description><id>29733</id><name>columns</name><type>number</type><value>2.0</value></numberAttribute><booleanAttribute><access>3</access><description>Render the group collapsed</description><id>29734</id><name>collapsed</name><type>boolean</type><value>false</value></booleanAttribute><clazz>com.levatis.uc4.toolbox.form.definition.components.FormGroup</clazz><colSpan>0</colSpan><inGroupIndex>3</inGroupIndex><name>BeginPeriod</name><version>0</version><xtype>ddgroup</xtype><formField><booleanAttribute><access>2</access><description>true to prevent the user from changing the field, and hides the trigger. Superceeds the editable and hideTrigger options if the value is true.</description><id>29738</id><name>readOnly</name><type>boolean</type><value>false</value></booleanAttribute><stringAttribute><access>3</access><description>The default value to apply. (true or false)</description><id>29736</id><name>value</name><type>string</type><value>1</value></stringAttribute><longStringAttribute><access>3</access><description>Description of the field.</description><id>29737</id><name>description</name><type>longstring</type></longStringAttribute><booleanAttribute><access>1</access><description>Define whether the field is allowed to be empty or not</description><id>29739</id><name>allowBlank</name><type>boolean</type><value>false</value></booleanAttribute><clazz>com.levatis.uc4.toolbox.form.definition.components.FormField</clazz><colSpan>0</colSpan><inGroupIndex>1</inGroupIndex><label>DeActivate%20Immediately</label><name>BeginNow</name><version>0</version><xtype>tpl-booleancombo</xtype><dependents><dependentForName>BeginPeriodDefinition</dependentForName><dependentOnName>BeginNow</dependentOnName><id>63</id></dependents><tooltip>Beginn%2520with%2520deactivation%2520period%2520immediately</tooltip></formField></FormGroup><FormGroup><numberAttribute><access>1</access><description>Define amount of columns</description><id>29742</id><name>columns</name><type>number</type><value>2.0</value></numberAttribute><stringAttribute><access>2</access><description>Title of the Group</description><id>29741</id><name>title</name><type>string</type><value>SystemInfoGroup</value></stringAttribute><booleanAttribute><access>3</access><description>Render the group collapsed</description><id>29740</id><name>collapsed</name><type>boolean</type><value>true</value></booleanAttribute><clazz>com.levatis.uc4.toolbox.form.definition.components.FormGroup</clazz><colSpan>0</colSpan><dependencyHandler>this.hide%28%29%3B</dependencyHandler><inGroupIndex>7</inGroupIndex><name>aeSystemInfroGroup</name><version>0</version><xtype>ddgroup</xtype><formField><booleanAttribute><access>2</access><description>true to display the fields value with capitals</description><id>29743</id><name>capital</name><type>boolean</type><value>false</value></booleanAttribute><stringAttribute><access>2</access><description>The default text to place into an empty field </description><id>29749</id><name>emptyText</name><type>string</type></stringAttribute><stringAttribute><access>3</access><description>The default value to place into an empty field </description><id>29745</id><name>value</name><type>string</type></stringAttribute><stringAttribute><access>3</access><description>The error text to display if regex is used and the test fails during validation (default is empty) </description><id>29746</id><name>regexText</name><type>string</type></stringAttribute><booleanAttribute><access>2</access><description>true to mark the field as readOnly in HTML</description><id>29747</id><name>readOnly</name><type>boolean</type><value>true</value></booleanAttribute><booleanAttribute><access>3</access><description>true to hide the field. a later call for the show function would not actually show the field!</description><id>29748</id><name>hidden</name><type>boolean</type><value>false</value></booleanAttribute><stringAttribute><access>2</access><description>A JavaScript RegExp object to be tested against the field value during validation (defaults to null). If the test fails, the field will be marked invalid using</description><id>29751</id><name>regex</name><type>string</type></stringAttribute><longStringAttribute><access>3</access><description>Description of the field.</description><id>29754</id><name>description</name><type>longstring</type></longStringAttribute><numberAttribute><access>2</access><description>Maximum input field length required </description><id>29750</id><name>maxLength</name><type>number</type></numberAttribute><booleanAttribute><access>1</access><description>Define whether the field is allowed to be empty or not</description><id>29752</id><name>allowBlank</name><type>boolean</type><value>true</value></booleanAttribute><longStringAttribute><access>3</access><description>Generates the field value automatically</description><id>29744</id><name>calculateValueBy</name><type>longstring</type></longStringAttribute><numberAttribute><access>2</access><description>Minimum input field length required </description><id>29753</id><name>minLength</name><type>number</type></numberAttribute><clazz>com.levatis.uc4.toolbox.form.definition.components.FormField</clazz><colSpan>0</colSpan><dependencies><dependentForName>aeClient</dependentForName><dependentOnName>targetAE</dependentOnName><id>61</id></dependencies><dependencyHandler>this.setValue%28trigger.getClient%28%29%29%3B</dependencyHandler><inGroupIndex>4</inGroupIndex><label>aeClient</label><name>aeClient</name><version>0</version><xtype>tpl-textfield</xtype><tooltip>Textfield</tooltip></formField><formField><longStringAttribute><access>3</access><description>Generates the field value automatically</description><id>29761</id><name>calculateValueBy</name><type>longstring</type></longStringAttribute><longStringAttribute><access>3</access><description>Description of the field.</description><id>29763</id><name>description</name><type>longstring</type></longStringAttribute><numberAttribute><access>2</access><description>Maximum input field length required </description><id>29766</id><name>maxLength</name><type>number</type></numberAttribute><booleanAttribute><access>2</access><description>true to display the fields value with capitals</description><id>29755</id><name>capital</name><type>boolean</type><value>false</value></booleanAttribute><numberAttribute><access>2</access><description>Minimum input field length required </description><id>29758</id><name>minLength</name><type>number</type></numberAttribute><stringAttribute><access>2</access><description>A JavaScript RegExp object to be tested against the field value during validation (defaults to null). If the test fails, the field will be marked invalid using</description><id>29762</id><name>regex</name><type>string</type></stringAttribute><booleanAttribute><access>1</access><description>Define whether the field is allowed to be empty or not</description><id>29764</id><name>allowBlank</name><type>boolean</type><value>true</value></booleanAttribute><stringAttribute><access>3</access><description>The default value to place into an empty field </description><id>29756</id><name>value</name><type>string</type><value>DEMO_MISC%5CREQUEST_MANAGER%5CDEACTIVATE_OBJ</value></stringAttribute><stringAttribute><access>3</access><description>The error text to display if regex is used and the test fails during validation (default is empty) </description><id>29765</id><name>regexText</name><type>string</type></stringAttribute><booleanAttribute><access>3</access><description>true to hide the field. a later call for the show function would not actually show the field!</description><id>29757</id><name>hidden</name><type>boolean</type><value>false</value></booleanAttribute><stringAttribute><access>2</access><description>The default text to place into an empty field </description><id>29759</id><name>emptyText</name><type>string</type></stringAttribute><booleanAttribute><access>2</access><description>true to mark the field as readOnly in HTML</description><id>29760</id><name>readOnly</name><type>boolean</type><value>false</value></booleanAttribute><clazz>com.levatis.uc4.toolbox.form.definition.components.FormField</clazz><colSpan>0</colSpan><inGroupIndex>3</inGroupIndex><label>Folder%20for%20JOBS%20Objects</label><name>searchFolder</name><version>0</version><xtype>tpl-textfield</xtype><dependents><dependentForName>OBJECTNAME</dependentForName><dependentOnName>searchFolder</dependentOnName><id>67</id></dependents><tooltip>Textfield</tooltip></formField><formField><longStringAttribute><access>3</access><description>Description of the field.</description><id>29767</id><name>description</name><type>longstring</type></longStringAttribute><booleanAttribute><access>2</access><description>true to prevent the user from changing the field, and hides the trigger. Superceeds the editable and hideTrigger options if the value is true.</description><id>29768</id><name>readOnly</name><type>boolean</type><value>false</value></booleanAttribute><stringAttribute><access>2</access><description>The AE system to use as default.</description><id>29770</id><name>systemName</name><type>string</type><value>v11_local</value></stringAttribute><stringAttribute><access>2</access><description>The AE client to use as default.</description><id>29769</id><name>clientNumber</name><type>string</type><value>42</value></stringAttribute><booleanAttribute><access>1</access><description>Define whether the field is allowed to be empty or not</description><id>29771</id><name>allowBlank</name><type>boolean</type><value>true</value></booleanAttribute><clazz>com.levatis.uc4.toolbox.form.definition.components.FormField</clazz><colSpan>0</colSpan><inGroupIndex>1</inGroupIndex><label>targetAE</label><name>targetAE</name><version>0</version><xtype>tpl-targetscheduler</xtype><dependents><dependentForName>aeClient</dependentForName><dependentOnName>targetAE</dependentOnName><id>61</id></dependents><dependents><dependentForName>aeInstance</dependentForName><dependentOnName>targetAE</dependentOnName><id>62</id></dependents><tooltip>TargetScheduler</tooltip></formField><formField><stringAttribute><access>2</access><description>A JavaScript RegExp object to be tested against the field value during validation (defaults to null). If the test fails, the field will be marked invalid using</description><id>29775</id><name>regex</name><type>string</type></stringAttribute><stringAttribute><access>3</access><description>The default value to place into an empty field </description><id>29779</id><name>value</name><type>string</type><value></value></stringAttribute><booleanAttribute><access>3</access><description>true to hide the field. a later call for the show function would not actually show the field!</description><id>29783</id><name>hidden</name><type>boolean</type><value>false</value></booleanAttribute><longStringAttribute><access>3</access><description>Description of the field.</description><id>29772</id><name>description</name><type>longstring</type></longStringAttribute><numberAttribute><access>2</access><description>Maximum input field length required </description><id>29781</id><name>maxLength</name><type>number</type></numberAttribute><booleanAttribute><access>1</access><description>Define whether the field is allowed to be empty or not</description><id>29776</id><name>allowBlank</name><type>boolean</type><value>true</value></booleanAttribute><stringAttribute><access>3</access><description>The error text to display if regex is used and the test fails during validation (default is empty) </description><id>29777</id><name>regexText</name><type>string</type></stringAttribute><numberAttribute><access>2</access><description>Minimum input field length required </description><id>29778</id><name>minLength</name><type>number</type></numberAttribute><booleanAttribute><access>2</access><description>true to mark the field as readOnly in HTML</description><id>29780</id><name>readOnly</name><type>boolean</type><value>true</value></booleanAttribute><longStringAttribute><access>3</access><description>Generates the field value automatically</description><id>29773</id><name>calculateValueBy</name><type>longstring</type></longStringAttribute><stringAttribute><access>2</access><description>The default text to place into an empty field </description><id>29782</id><name>emptyText</name><type>string</type></stringAttribute><booleanAttribute><access>2</access><description>true to display the fields value with capitals</description><id>29774</id><name>capital</name><type>boolean</type><value>false</value></booleanAttribute><clazz>com.levatis.uc4.toolbox.form.definition.components.FormField</clazz><colSpan>0</colSpan><dependencies><dependentForName>aeInstance</dependentForName><dependentOnName>targetAE</dependentOnName><id>62</id></dependencies><dependencyHandler>this.setValue%28trigger.getSystem%28%29%29%3B</dependencyHandler><inGroupIndex>2</inGroupIndex><label>aeInstance</label><name>aeInstance</name><version>0</version><xtype>tpl-textfield</xtype><tooltip>Textfield</tooltip></formField></FormGroup><FormGroup><booleanAttribute><access>3</access><description>Render the group collapsed</description><id>29784</id><name>collapsed</name><type>boolean</type><value>false</value></booleanAttribute><stringAttribute><access>2</access><description>Title of the Group</description><id>29785</id><name>title</name><type>string</type><value>Specify%20the%20delay%20before%20the%20deactivation%20taken%20place</value></stringAttribute><numberAttribute><access>1</access><description>Define amount of columns</description><id>29786</id><name>columns</name><type>number</type><value>2.0</value></numberAttribute><clazz>com.levatis.uc4.toolbox.form.definition.components.FormGroup</clazz><colSpan>0</colSpan><dependencies><dependentForName>BeginPeriodDefinition</dependentForName><dependentOnName>BeginNow</dependentOnName><id>63</id></dependencies><dependencyHandler>if%28newValue%20%3D%3D%3D%20false%29%0A%7B%0A%09this.show%28%29%3B%20%20%0A%7D%0Aelse%0A%7B%0A%09this.hide%28%29%3B%0A%7D</dependencyHandler><inGroupIndex>4</inGroupIndex><name>BeginPeriodDefinition</name><version>0</version><xtype>ddgroup</xtype><formField><booleanAttribute><access>2</access><description>false to prevent the user from typing text directly into the field, the field will only respond to a click on the trigger to set the value. (defaults to true).</description><id>29787</id><name>editable</name><type>boolean</type><value>true</value></booleanAttribute><booleanAttribute><access>2</access><description>true to mark the field as readOnly in HTML</description><id>29793</id><name>readOnly</name><type>boolean</type><value>false</value></booleanAttribute><stringAttribute><access>2</access><description>The maximum allowed date. Can be either a Javascript date object or a string date in a valid format </description><id>29789</id><name>maxValue</name><type>string</type></stringAttribute><longStringAttribute><access>3</access><description>Description of the field.</description><id>29790</id><name>description</name><type>longstring</type></longStringAttribute><stringAttribute><access>2</access><description>Multiple date formats separated by "|" to try when parsing a user input value and it does not match the defined format</description><id>29791</id><name>altFormats</name><type>string</type><value>d-m-y</value></stringAttribute><stringAttribute><access>2</access><description>The default date format string which can be overriden for localization support.</description><id>29788</id><name>format</name><type>string</type><value>d.m.Y</value></stringAttribute><booleanAttribute><access>1</access><description>Define whether the field is allowed to be empty or not</description><id>29792</id><name>allowBlank</name><type>boolean</type><value>true</value></booleanAttribute><clazz>com.levatis.uc4.toolbox.form.definition.components.FormField</clazz><colSpan>0</colSpan><inGroupIndex>1</inGroupIndex><label>DeActivtate%20Period%20Start%20Date</label><name>delayDate</name><version>0</version><xtype>tpl-datefield</xtype><tooltip>Use%2520dd.mm.yyyy%2520format%2520%252824.12.2016%2529</tooltip></formField><formField><stringAttribute><access>2</access><description>The maximum allowed value </description><id>29798</id><name>timeMax</name><type>string</type></stringAttribute><longStringAttribute><access>3</access><description>Description of the field.</description><id>29799</id><name>description</name><type>longstring</type></longStringAttribute><booleanAttribute><access>1</access><description>Define whether the field is allowed to be empty or not</description><id>29794</id><name>allowBlank</name><type>boolean</type><value>true</value></booleanAttribute><stringAttribute><access>2</access><description>The minimum allowed value </description><id>29795</id><name>timeMin</name><type>string</type></stringAttribute><booleanAttribute><access>2</access><description>false to prevent the user from typing text directly into the field, the field will only respond to a click on the trigger to set the value. (defaults to true).</description><id>29796</id><name>editable</name><type>boolean</type><value>true</value></booleanAttribute><booleanAttribute><access>2</access><description>true to prevent the user from changing the field, and hides the trigger. Superceeds the editable and hideTrigger options if the value is true.</description><id>29797</id><name>readOnly</name><type>boolean</type><value>false</value></booleanAttribute><clazz>com.levatis.uc4.toolbox.form.definition.components.FormField</clazz><colSpan>0</colSpan><inGroupIndex>2</inGroupIndex><label>Start%20Time%20of%20the%20DeActivate%20Period</label><name>delayTime</name><version>0</version><xtype>tpl-timespinner</xtype><tooltip>Time%2520in%2520the%252024h%2520format</tooltip></formField></FormGroup><FormGroup><booleanAttribute><access>3</access><description>Render the group collapsed</description><id>29802</id><name>collapsed</name><type>boolean</type><value>false</value></booleanAttribute><numberAttribute><access>1</access><description>Define amount of columns</description><id>29801</id><name>columns</name><type>number</type><value>2.0</value></numberAttribute><stringAttribute><access>2</access><description>Title of the Group</description><id>29800</id><name>title</name><type>string</type><value>Information%20about%20the%20requester</value></stringAttribute><clazz>com.levatis.uc4.toolbox.form.definition.components.FormGroup</clazz><colSpan>0</colSpan><inGroupIndex>6</inGroupIndex><name>RequestInfoGroup</name><version>0</version><xtype>ddgroup</xtype><formField><booleanAttribute><access>2</access><description>true to display the fields value with capitals</description><id>29806</id><name>capital</name><type>boolean</type><value>false</value></booleanAttribute><numberAttribute><access>2</access><description>Maximum input field length required </description><id>29809</id><name>maxLength</name><type>number</type></numberAttribute><booleanAttribute><access>1</access><description>Define whether the field is allowed to be empty or not</description><id>29808</id><name>allowBlank</name><type>boolean</type><value>true</value></booleanAttribute><stringAttribute><access>2</access><description>The default text to place into an empty field </description><id>29810</id><name>emptyText</name><type>string</type></stringAttribute><stringAttribute><access>1</access><description>A property from Toolusercontext</description><id>29803</id><name>requesterCtx</name><type>string</type><value>department</value></stringAttribute><stringAttribute><access>2</access><description>A JavaScript RegExp object to be tested against the field value during validation (defaults to null). If the test fails, the field will be marked invalid using</description><id>29804</id><name>regex</name><type>string</type></stringAttribute><stringAttribute><access>3</access><description>The error text to display if regex is used and the test fails during validation (default is empty) </description><id>29811</id><name>regexText</name><type>string</type></stringAttribute><stringAttribute><access>3</access><description>The default value to place into an empty field </description><id>29815</id><name>value</name><type>string</type></stringAttribute><numberAttribute><access>2</access><description>Minimum input field length required </description><id>29814</id><name>minLength</name><type>number</type></numberAttribute><longStringAttribute><access>3</access><description>Description of the field.</description><id>29805</id><name>description</name><type>longstring</type></longStringAttribute><booleanAttribute><access>3</access><description>true to hide the field</description><id>29813</id><name>hidden</name><type>boolean</type><value>false</value></booleanAttribute><booleanAttribute><access>2</access><description>true to mark the field as readOnly in HTML</description><id>29812</id><name>readOnly</name><type>boolean</type><value>true</value></booleanAttribute><longStringAttribute><access>3</access><description>Generate value automatically</description><id>29807</id><name>calculateValueBy</name><type>longstring</type></longStringAttribute><clazz>com.levatis.uc4.toolbox.form.definition.components.FormField</clazz><colSpan>0</colSpan><inGroupIndex>2</inGroupIndex><label>Department</label><name>Department</name><version>0</version><xtype>tpl-textfield-requesterctx</xtype><tooltip>Generate value from usercontext</tooltip></formField><formField><stringAttribute><access>2</access><description>The default text to place into an empty field </description><id>29823</id><name>emptyText</name><type>string</type></stringAttribute><booleanAttribute><access>3</access><description>true to hide the field. a later call for the show function would not actually show the field!</description><id>29820</id><name>hidden</name><type>boolean</type><value>false</value></booleanAttribute><longStringAttribute><access>3</access><description>Description of the field.</description><id>29817</id><name>description</name><type>longstring</type></longStringAttribute><stringAttribute><access>3</access><description>The error text to display if regex is used and the test fails during validation (default is empty) </description><id>29818</id><name>regexText</name><type>string</type></stringAttribute><booleanAttribute><access>2</access><description>true to display the fields value with capitals</description><id>29821</id><name>capital</name><type>boolean</type><value>false</value></booleanAttribute><stringAttribute><access>3</access><description>The default value to place into an empty field </description><id>29819</id><name>value</name><type>string</type></stringAttribute><numberAttribute><access>2</access><description>Minimum input field length required </description><id>29822</id><name>minLength</name><type>number</type></numberAttribute><numberAttribute><access>2</access><description>Maximum input field length required </description><id>29816</id><name>maxLength</name><type>number</type></numberAttribute><booleanAttribute><access>1</access><description>Define whether the field is allowed to be empty or not</description><id>29826</id><name>allowBlank</name><type>boolean</type><value>true</value></booleanAttribute><longStringAttribute><access>3</access><description>Generates the field value automatically</description><id>29827</id><name>calculateValueBy</name><type>longstring</type><value>%3C%25%3DFirstName%25%3E%20%3C%25%3DLastName%25%3E</value></longStringAttribute><stringAttribute><access>2</access><description>A JavaScript RegExp object to be tested against the field value during validation (defaults to null). If the test fails, the field will be marked invalid using</description><id>29824</id><name>regex</name><type>string</type></stringAttribute><booleanAttribute><access>2</access><description>true to mark the field as readOnly in HTML</description><id>29825</id><name>readOnly</name><type>boolean</type><value>true</value></booleanAttribute><clazz>com.levatis.uc4.toolbox.form.definition.components.FormField</clazz><colSpan>0</colSpan><inGroupIndex>1</inGroupIndex><label>Name%20of%20the%20requester</label><name>reqFullName</name><version>0</version><xtype>tpl-textfield</xtype><tooltip>Fullname</tooltip></formField><formField><stringAttribute><access>3</access><description>The default value to place into an empty field </description><id>29834</id><name>value</name><type>string</type></stringAttribute><numberAttribute><access>2</access><description>Minimum input field length required </description><id>29833</id><name>minLength</name><type>number</type></numberAttribute><booleanAttribute><access>3</access><description>true to hide the field</description><id>29836</id><name>hidden</name><type>boolean</type><value>true</value></booleanAttribute><stringAttribute><access>3</access><description>The error text to display if regex is used and the test fails during validation (default is empty) </description><id>29829</id><name>regexText</name><type>string</type></stringAttribute><booleanAttribute><access>1</access><description>Define whether the field is allowed to be empty or not</description><id>29838</id><name>allowBlank</name><type>boolean</type><value>true</value></booleanAttribute><longStringAttribute><access>3</access><description>Generate value automatically</description><id>29837</id><name>calculateValueBy</name><type>longstring</type></longStringAttribute><stringAttribute><access>2</access><description>The default text to place into an empty field </description><id>29828</id><name>emptyText</name><type>string</type></stringAttribute><stringAttribute><access>2</access><description>A JavaScript RegExp object to be tested against the field value during validation (defaults to null). If the test fails, the field will be marked invalid using</description><id>29839</id><name>regex</name><type>string</type></stringAttribute><numberAttribute><access>2</access><description>Maximum input field length required </description><id>29830</id><name>maxLength</name><type>number</type></numberAttribute><stringAttribute><access>1</access><description>A property from Toolusercontext</description><id>29831</id><name>requesterCtx</name><type>string</type><value>firstname</value></stringAttribute><booleanAttribute><access>2</access><description>true to display the fields value with capitals</description><id>29835</id><name>capital</name><type>boolean</type><value>false</value></booleanAttribute><booleanAttribute><access>2</access><description>true to mark the field as readOnly in HTML</description><id>29840</id><name>readOnly</name><type>boolean</type><value>false</value></booleanAttribute><longStringAttribute><access>3</access><description>Description of the field.</description><id>29832</id><name>description</name><type>longstring</type></longStringAttribute><clazz>com.levatis.uc4.toolbox.form.definition.components.FormField</clazz><colSpan>0</colSpan><inGroupIndex>3</inGroupIndex><label>FirstName</label><name>FirstName</name><version>0</version><xtype>tpl-textfield-requesterctx</xtype><tooltip>Generate value from usercontext</tooltip></formField><formField><booleanAttribute><access>1</access><description>Define whether the field is allowed to be empty or not</description><id>29842</id><name>allowBlank</name><type>boolean</type><value>true</value></booleanAttribute><longStringAttribute><access>3</access><description>Description of the field.</description><id>29841</id><name>description</name><type>longstring</type></longStringAttribute><stringAttribute><access>3</access><description>The error text to display if regex is used and the test fails during validation (default is empty) </description><id>29849</id><name>regexText</name><type>string</type></stringAttribute><numberAttribute><access>2</access><description>Maximum input field length required </description><id>29845</id><name>maxLength</name><type>number</type></numberAttribute><stringAttribute><access>2</access><description>A JavaScript RegExp object to be tested against the field value during validation (defaults to null). If the test fails, the field will be marked invalid using</description><id>29846</id><name>regex</name><type>string</type></stringAttribute><stringAttribute><access>3</access><description>The default value to place into an empty field </description><id>29851</id><name>value</name><type>string</type></stringAttribute><booleanAttribute><access>2</access><description>true to mark the field as readOnly in HTML</description><id>29852</id><name>readOnly</name><type>boolean</type><value>false</value></booleanAttribute><stringAttribute><access>2</access><description>The default text to place into an empty field </description><id>29847</id><name>emptyText</name><type>string</type></stringAttribute><booleanAttribute><access>2</access><description>true to display the fields value with capitals</description><id>29853</id><name>capital</name><type>boolean</type><value>false</value></booleanAttribute><booleanAttribute><access>3</access><description>true to hide the field</description><id>29850</id><name>hidden</name><type>boolean</type><value>true</value></booleanAttribute><stringAttribute><access>1</access><description>A property from Toolusercontext</description><id>29843</id><name>requesterCtx</name><type>string</type><value>firstname</value></stringAttribute><longStringAttribute><access>3</access><description>Generate value automatically</description><id>29844</id><name>calculateValueBy</name><type>longstring</type></longStringAttribute><numberAttribute><access>2</access><description>Minimum input field length required </description><id>29848</id><name>minLength</name><type>number</type></numberAttribute><clazz>com.levatis.uc4.toolbox.form.definition.components.FormField</clazz><colSpan>0</colSpan><inGroupIndex>4</inGroupIndex><label>LastName</label><name>LastName</name><version>0</version><xtype>tpl-textfield-requesterctx</xtype><tooltip>Generate value from usercontext</tooltip></formField></FormGroup><FormGroup><numberAttribute><access>1</access><description>Define amount of columns</description><id>29854</id><name>columns</name><type>number</type><value>2.0</value></numberAttribute><stringAttribute><access>2</access><description>Title of the Group</description><id>29855</id><name>title</name><type>string</type><value>How%20long%20should%20be%20the%20Workflow%20deactivated%3F</value></stringAttribute><booleanAttribute><access>3</access><description>Render the group collapsed</description><id>29856</id><name>collapsed</name><type>boolean</type><value>false</value></booleanAttribute><clazz>com.levatis.uc4.toolbox.form.definition.components.FormGroup</clazz><colSpan>0</colSpan><inGroupIndex>5</inGroupIndex><name>EndPeriodGroup</name><version>0</version><xtype>ddgroup</xtype><formField><stringAttribute><access>2</access><description>Multiple date formats separated by "|" to try when parsing a user input value and it does not match the defined format</description><id>29858</id><name>altFormats</name><type>string</type><value>d-m-y</value></stringAttribute><booleanAttribute><access>1</access><description>Define whether the field is allowed to be empty or not</description><id>29859</id><name>allowBlank</name><type>boolean</type><value>true</value></booleanAttribute><longStringAttribute><access>3</access><description>Description of the field.</description><id>29861</id><name>description</name><type>longstring</type></longStringAttribute><stringAttribute><access>2</access><description>The maximum allowed date. Can be either a Javascript date object or a string date in a valid format </description><id>29860</id><name>maxValue</name><type>string</type></stringAttribute><booleanAttribute><access>2</access><description>false to prevent the user from typing text directly into the field, the field will only respond to a click on the trigger to set the value. (defaults to true).</description><id>29857</id><name>editable</name><type>boolean</type><value>true</value></booleanAttribute><stringAttribute><access>2</access><description>The default date format string which can be overriden for localization support.</description><id>29862</id><name>format</name><type>string</type><value>d.m.Y</value></stringAttribute><booleanAttribute><access>2</access><description>true to mark the field as readOnly in HTML</description><id>29863</id><name>readOnly</name><type>boolean</type><value>false</value></booleanAttribute><clazz>com.levatis.uc4.toolbox.form.definition.components.FormField</clazz><colSpan>0</colSpan><inGroupIndex>1</inGroupIndex><label>DeActivtate%20Period%20End%20Date</label><name>endDate</name><version>0</version><xtype>tpl-datefield</xtype><tooltip>Use%2520dd.mm.yyyy%2520format%2520%252824.12.2016%2529</tooltip></formField><formField><booleanAttribute><access>2</access><description>true to prevent the user from changing the field, and hides the trigger. Superceeds the editable and hideTrigger options if the value is true.</description><id>29869</id><name>readOnly</name><type>boolean</type><value>false</value></booleanAttribute><booleanAttribute><access>2</access><description>false to prevent the user from typing text directly into the field, the field will only respond to a click on the trigger to set the value. (defaults to true).</description><id>29865</id><name>editable</name><type>boolean</type><value>true</value></booleanAttribute><longStringAttribute><access>3</access><description>Description of the field.</description><id>29867</id><name>description</name><type>longstring</type></longStringAttribute><stringAttribute><access>2</access><description>The maximum allowed value </description><id>29864</id><name>timeMax</name><type>string</type></stringAttribute><stringAttribute><access>2</access><description>The minimum allowed value </description><id>29866</id><name>timeMin</name><type>string</type></stringAttribute><booleanAttribute><access>1</access><description>Define whether the field is allowed to be empty or not</description><id>29868</id><name>allowBlank</name><type>boolean</type><value>true</value></booleanAttribute><clazz>com.levatis.uc4.toolbox.form.definition.components.FormField</clazz><colSpan>0</colSpan><inGroupIndex>2</inGroupIndex><label>End%20Time%20of%20the%20DeActivate%20Period</label><name>endTime</name><version>0</version><xtype>tpl-timespinner</xtype><tooltip>Time%2520in%2520the%252024h%2520format</tooltip></formField></FormGroup><FormGroup><stringAttribute><access>2</access><description>Title of the Group</description><id>29870</id><name>title</name><type>string</type><value>Justify%20the%20request</value></stringAttribute><booleanAttribute><access>3</access><description>Render the group collapsed</description><id>29872</id><name>collapsed</name><type>boolean</type><value>false</value></booleanAttribute><numberAttribute><access>1</access><description>Define amount of columns</description><id>29871</id><name>columns</name><type>number</type><value>1.0</value></numberAttribute><clazz>com.levatis.uc4.toolbox.form.definition.components.FormGroup</clazz><colSpan>0</colSpan><inGroupIndex>1</inGroupIndex><name>ReasonGroup</name><version>0</version><xtype>ddgroup</xtype><formField><booleanAttribute><access>2</access><description>true to display the fields value with capitals</description><id>29876</id><name>capital</name><type>boolean</type><value>false</value></booleanAttribute><numberAttribute><access>2</access><description>Maximum input field length required </description><id>29879</id><name>maxLength</name><type>number</type></numberAttribute><booleanAttribute><access>1</access><description>Define whether the field is allowed to be empty or not</description><id>29874</id><name>allowBlank</name><type>boolean</type><value>true</value></booleanAttribute><longStringAttribute><access>3</access><description>Generates the field value automatically</description><id>29878</id><name>calculateValueBy</name><type>longstring</type></longStringAttribute><booleanAttribute><access>2</access><description>true to mark the field as readOnly in HTML</description><id>29883</id><name>readOnly</name><type>boolean</type><value>false</value></booleanAttribute><stringAttribute><access>2</access><description>The default text to place into an empty field </description><id>29873</id><name>emptyText</name><type>string</type></stringAttribute><numberAttribute><access>2</access><description>Minimum input field length required </description><id>29875</id><name>minLength</name><type>number</type></numberAttribute><stringAttribute><access>3</access><description>The default value to place into an empty field </description><id>29877</id><name>value</name><type>string</type></stringAttribute><longStringAttribute><access>3</access><description>Description of the field.</description><id>29881</id><name>description</name><type>longstring</type></longStringAttribute><stringAttribute><access>2</access><description>A JavaScript RegExp object to be tested against the field value during validation (defaults to null). If the test fails, the field will be marked invalid using</description><id>29884</id><name>regex</name><type>string</type></stringAttribute><booleanAttribute><access>3</access><description>true to hide the field. a later call for the show function would not actually show the field!</description><id>29882</id><name>hidden</name><type>boolean</type><value>false</value></booleanAttribute><stringAttribute><access>3</access><description>The error text to display if regex is used and the test fails during validation (default is empty) </description><id>29880</id><name>regexText</name><type>string</type></stringAttribute><clazz>com.levatis.uc4.toolbox.form.definition.components.FormField</clazz><colSpan>0</colSpan><inGroupIndex>1</inGroupIndex><label>%20</label><name>JustifyText</name><version>0</version><xtype>tpl-textfield</xtype><tooltip>Describe%2520the%2520reason%2520why%2520the%2520jobs%2520should%2520be%2520deactivated</tooltip></formField></FormGroup><FormGroup><numberAttribute><access>1</access><description>Define amount of columns</description><id>29887</id><name>columns</name><type>number</type><value>2.0</value></numberAttribute><stringAttribute><access>2</access><description>The title of the group to display.</description><id>29886</id><name>title</name><type>string</type><value>Specify%20the%20Automic%20Workflow%20to%20be%20deactivated</value></stringAttribute><longStringAttribute><access>4</access><description>Description of the field.</description><id>29885</id><name>description</name><type>longstring</type></longStringAttribute><clazz>com.levatis.uc4.toolbox.form.definition.components.FormGroup</clazz><colSpan>0</colSpan><inGroupIndex>2</inGroupIndex><name>JobDeActivateGroup</name><version>0</version><xtype>ddgroup</xtype><formField><stringAttribute><access>2</access><description>The default value to display.</description><id>29895</id><name>folder</name><type>string</type><value></value></stringAttribute><stringAttribute><access>2</access><description>The AE system to use as searchbase.</description><id>29896</id><name>systemName</name><type>string</type></stringAttribute><stringAttribute><access>3</access><description>Type of result list. Valid values: simple, extended.</description><id>29897</id><name>listStyle</name><type>string</type><value>extended</value></stringAttribute><stringAttribute><access>2</access><description>The AE client to use as searchbase.</description><id>29898</id><name>objectType</name><type>string</type><value>JOBS</value></stringAttribute><booleanAttribute><access>1</access><description>Define whether the field is allowed to be empty or not</description><id>29891</id><name>allowBlank</name><type>boolean</type><value>true</value></booleanAttribute><longStringAttribute><access>3</access><description>Description of the field.</description><id>29899</id><name>description</name><type>longstring</type></longStringAttribute><stringAttribute><access>3</access><description>the default value of the field</description><id>29890</id><name>value</name><type>string</type></stringAttribute><booleanAttribute><access>2</access><description>true to mark the field as readOnly in HTML</description><id>29893</id><name>readOnly</name><type>boolean</type><value>false</value></booleanAttribute><stringAttribute><access>2</access><description>The Targetscheduler Reference</description><id>29889</id><name>schedRef</name><type>string</type><value>targetAE</value></stringAttribute><longStringAttribute><access>2</access><description>The default text to place into an empty field</description><id>29888</id><name>emptyText</name><type>longstring</type></longStringAttribute><stringAttribute><access>2</access><description>The AE client to use as searchbase.</description><id>29892</id><name>clientNumber</name><type>string</type></stringAttribute><stringAttribute><access>2</access><description>The objectName pattern to search. Defaults to * - all.</description><id>29894</id><name>objectName</name><type>string</type><value></value></stringAttribute><clazz>com.levatis.uc4.toolbox.form.definition.components.FormField</clazz><colSpan>0</colSpan><dependencies><dependentForName>OBJECTNAME</dependentForName><dependentOnName>searchFolder</dependentOnName><id>67</id></dependencies><dependencies><dependentForName>OBJECTNAME</dependentForName><dependentOnName>JobSearchPattern</dependentOnName><id>68</id></dependencies><dependencyHandler>%0Athis.folder%20%3D%20Models.getByName%28%22searchFolder%22%29.getValue%28%29%3B%0A%0A%0Athis.getStore%28%29.filterBy%28function%28rec%29%7B%0A%20%20if%28rec.get%28%27value%27%29.indexOf%28Models.getByName%28%22JobSearchPattern%22%29.getValue%28%29%29%20%21%3D%20-1%20%29%7B%0A%20%20%20%20return%20true%3B%0A%20%20%7D%0A%7D%29%3B%20%20%0A%0A%0A//this.objectName%20%3D%20%22*%22%20+%20Models.getByName%28%22JobSearchPattern%22%29.getValue%28%29%20+%20%22*%22%3B%0A%0A</dependencyHandler><inGroupIndex>3</inGroupIndex><label>JOBS%20Object%20Name</label><name>OBJECTNAME</name><version>0</version><xtype>tpl-uc4objectcombo</xtype><tooltip>ObjectCombo</tooltip></formField><formField><longStringAttribute><access>2</access><description>The default text to place into an empty field </description><id>29905</id><name>emptyText</name><type>longstring</type></longStringAttribute><booleanAttribute><access>2</access><description>true to mark the field as readOnly in HTML</description><id>29907</id><name>readOnly</name><type>boolean</type><value>false</value></booleanAttribute><numberAttribute><access>2</access><description>The minimum number of characters the user must type before autocomplete activate (defaults to 4)</description><id>29901</id><name>minChars</name><type>number</type><value>4.0</value></numberAttribute><booleanAttribute><access>2</access><description>false to disable inputfield</description><id>29903</id><name>editable</name><type>boolean</type><value>true</value></booleanAttribute><booleanAttribute><access>1</access><description>Define whether the field is allowed to be empty or not</description><id>29906</id><name>allowBlank</name><type>boolean</type><value>true</value></booleanAttribute><stringAttribute><access>1</access><description>The store to load the fields data.</description><id>29902</id><name>storeRef</name><type>string</type><value>Application</value></stringAttribute><booleanAttribute><access>2</access><description>true to restrict the selected value to one of the values in the list, false to allow the user to set arbitrary text into the field (defaults to true)</description><id>29908</id><name>forceSelection</name><type>boolean</type><value>true</value></booleanAttribute><longStringAttribute><access>3</access><description>Description of the field.</description><id>29900</id><name>description</name><type>longstring</type></longStringAttribute><stringAttribute><access>3</access><description>The default value to apply.</description><id>29904</id><name>value</name><type>string</type></stringAttribute><clazz>com.levatis.uc4.toolbox.form.definition.components.FormField</clazz><colSpan>0</colSpan><inGroupIndex>1</inGroupIndex><label>Application%20Name</label><name>APPLNAMES</name><version>0</version><xtype>tpl-globalstorecombo</xtype><tooltip>Combobox</tooltip></formField><formField><numberAttribute><access>2</access><description>The minimum number of characters the user must type before autocomplete activate (defaults to 4)</description><id>29914</id><name>minChars</name><type>number</type><value>4.0</value></numberAttribute><longStringAttribute><access>3</access><description>Description of the field.</description><id>29915</id><name>description</name><type>longstring</type></longStringAttribute><longStringAttribute><access>2</access><description>The default text to place into an empty field </description><id>29909</id><name>emptyText</name><type>longstring</type></longStringAttribute><booleanAttribute><access>2</access><description>false to disable inputfield</description><id>29911</id><name>editable</name><type>boolean</type><value>true</value></booleanAttribute><booleanAttribute><access>2</access><description>true to mark the field as readOnly in HTML</description><id>29917</id><name>readOnly</name><type>boolean</type><value>false</value></booleanAttribute><booleanAttribute><access>1</access><description>Define whether the field is allowed to be empty or not</description><id>29912</id><name>allowBlank</name><type>boolean</type><value>true</value></booleanAttribute><stringAttribute><access>3</access><description>The default value to apply.</description><id>29913</id><name>value</name><type>string</type></stringAttribute><booleanAttribute><access>2</access><description>true to restrict the selected value to one of the values in the list, false to allow the user to set arbitrary text into the field (defaults to true)</description><id>29910</id><name>forceSelection</name><type>boolean</type><value>true</value></booleanAttribute><stringAttribute><access>1</access><description>The store to load the fields data.</description><id>29916</id><name>storeRef</name><type>string</type><value>ApplicationHost</value></stringAttribute><clazz>com.levatis.uc4.toolbox.form.definition.components.FormField</clazz><colSpan>0</colSpan><inGroupIndex>2</inGroupIndex><label>System%20Names</label><name>SYSNAME</name><version>0</version><xtype>tpl-globalstorecombo</xtype><tooltip>Combobox</tooltip></formField><formField><stringAttribute><access>2</access><description>The default text to place into an empty field </description><id>29921</id><name>emptyText</name><type>string</type></stringAttribute><numberAttribute><access>2</access><description>Minimum input field length required </description><id>29924</id><name>minLength</name><type>number</type></numberAttribute><booleanAttribute><access>1</access><description>Define whether the field is allowed to be empty or not</description><id>29926</id><name>allowBlank</name><type>boolean</type><value>true</value></booleanAttribute><stringAttribute><access>3</access><description>The default value to place into an empty field </description><id>29925</id><name>value</name><type>string</type><value></value></stringAttribute><booleanAttribute><access>3</access><description>true to hide the field. a later call for the show function would not actually show the field!</description><id>29928</id><name>hidden</name><type>boolean</type><value>true</value></booleanAttribute><longStringAttribute><access>3</access><description>Generates the field value automatically</description><id>29929</id><name>calculateValueBy</name><type>longstring</type><value>%3C%25%3DAPPLNAMES%25%3E.%3C%25%3DSYSNAME%25%3E</value></longStringAttribute><longStringAttribute><access>3</access><description>Description of the field.</description><id>29920</id><name>description</name><type>longstring</type></longStringAttribute><booleanAttribute><access>2</access><description>true to mark the field as readOnly in HTML</description><id>29927</id><name>readOnly</name><type>boolean</type><value>false</value></booleanAttribute><stringAttribute><access>3</access><description>The error text to display if regex is used and the test fails during validation (default is empty) </description><id>29918</id><name>regexText</name><type>string</type></stringAttribute><booleanAttribute><access>2</access><description>true to display the fields value with capitals</description><id>29922</id><name>capital</name><type>boolean</type><value>false</value></booleanAttribute><numberAttribute><access>2</access><description>Maximum input field length required </description><id>29923</id><name>maxLength</name><type>number</type></numberAttribute><stringAttribute><access>2</access><description>A JavaScript RegExp object to be tested against the field value during validation (defaults to null). If the test fails, the field will be marked invalid using</description><id>29919</id><name>regex</name><type>string</type></stringAttribute><clazz>com.levatis.uc4.toolbox.form.definition.components.FormField</clazz><colSpan>0</colSpan><inGroupIndex>4</inGroupIndex><label>Search%20Pattern</label><name>JobSearchPattern</name><version>0</version><xtype>tpl-textfield</xtype><dependents><dependentForName>OBJECTNAME</dependentForName><dependentOnName>JobSearchPattern</dependentOnName><id>68</id></dependents><tooltip>Textfield</tooltip></formField></FormGroup></Panel></applicationForm>